{
    "accuracy": 0.66475,
    "precision": 0.594675045477096,
    "recall": 0.4580891719745223,
    "f1_score": 0.5175217672879039,
    "roc_auc": 0.628180388456397,
    "confusion_matrix": [
        [
            9699,
            2451
        ],
        [
            4254,
            3596
        ]
    ]
}